DELETE FROM `items`;
DELETE FROM `countries`;
DELETE FROM `users`;
DELETE FROM `carts`;
DELETE FROM `cart_items`;
DELETE FROM `orders`;
DELETE FROM `order_items`;

INSERT INTO `items` (`id`,`countries_id`,`name`,`name_english`,`price`,`item_details`,`stock`,`image`,`volume`,`abv`,`sales_count`,`is_sold_out`,`created_at`,`updated_at`) VALUES 
(1,1,'京都丹後クラフトビール マイスター','tango-beer-meister',600,'テキストテキストテキストテキストテキストテキストテキストテキストテキストテキストテキストテキストテキストテキストテキストテキストテキストテキストテキストテキストテキストテキストテキストテキストテキストテキストテキストテキストテキストテキストテキストテキストテキストテキストテキストテキストテキストテキストテキストテキストテキストテキストテキストテキストテキストテキストテキストテキストテキストテキストテキストテキストテキストテキストテキストテキストテキストテキストテキストテキストテキストテキストテキストテキストテキストテキスト',50,'meister_800_800.jpg',330,5,100,0,'2025-01-14 00:00:00','2025-01-14 00:00:00'),
(2,2,'デリリウム トレメンス','delirium-tremens-330',770,'テキストテキストテキストテキストテキストテキストテキストテキストテキストテキストテキストテキストテキストテキストテキストテキストテキストテキストテキストテキストテキストテキストテキストテキストテキストテキストテキストテキストテキストテキストテキストテキストテキストテキストテキストテキストテキストテキストテキストテキストテキストテキストテキストテキストテキストテキストテキストテキストテキストテキストテキストテキストテキストテキストテキストテキストテキストテキストテキストテキストテキストテキストテキストテキストテキストテキストテキストテキストテキストテキストテキストテキストテキスト',0,'HUYGHE-Delirium-Tremens-330ml.jpg',330,8.5,200,1,'2025-02-01 00:00:00','2025-02-01 00:00:00'),
(3,1,'トーキョー ベイコーストIPA','tokyo-baycoast-ipa',690,'テキストテキストテキストテキストテキストテキストテキストテキストテキストテキストテキストテキストテキストテキストテキストテキストテキストテキストテキストテキストテキストテキストテキストテキストテキストテキストテキストテキストテキストテキストテキストテキストテキストテキストテキストテキストテキストテキストテキストテキストテキストテキストテキストテキストテキストテキスト',50,'TokyoBaycoastIPA_Can.jpg',350,5.5,50,0,'2025-03-01 00:00:00','2025-03-01 00:00:00'),
(4,2,'ラ・シュフ','la-chouffe',582,'テキストテキストテキストテキストテキストテキストテキストテキストテキストテキストテキストテキストテキストテキストテキストテキストテキストテキストテキストテキストテキストテキストテキストテキストテキストテキストテキストテキストテキストテキストテキストテキストテキストテキストテキストテキストテキストテキストテキストテキストテキストテキストテキストテキストテキストテキストテキストテキストテキストテキストテキストテキストテキストテキストテキストテキストテキストテキストテキストテキストテキストテキストテキストテキストテキストテキストテキストテキストテキストテキストテキストテキストテキスト',50,'83349.jpg',330,8,500,0,'2025-01-14 00:00:00','2025-01-14 00:00:00'),
(5,2,'ヴェデット・エクストラ・ホワイト','vedett-extra-white',400,'テキストテキストテキストテキストテキストテキストテキストテキストテキストテキストテキストテキストテキストテキストテキストテキストテキストテキストテキストテキストテキストテキストテキストテキストテキストテキストテキストテキストテキストテキストテキストテキストテキストテキストテキストテキストテキストテキストテキストテキストテキストテキストテキストテキストテキストテキストテキストテキストテキストテキストテキストテキストテキストテキストテキストテキストテキストテキストテキストテキストテキストテキストテキストテキストテキストテキストテキストテキストテキストテキストテキストテキストテキスト',50,'83330.jpg',330,4.7,10,0,'2025-03-14 00:00:00','2025-03-14 00:00:00'),
(6,1,'ショーグンビール','shogun-beer',690,'テキストテキストテキストテキストテキストテキストテキストテキストテキストテキストテキストテキストテキストテキストテキストテキストテキストテキストテキストテキストテキストテキストテキストテキストテキストテキストテキストテキストテキストテキストテキストテキストテキストテキストテキストテキストテキストテキストテキストテキストテキストテキストテキストテキストテキストテキストテキストテキストテキストテキストテキストテキストテキストテキストテキストテキストテキストテキストテキストテキストテキストテキストテキストテキストテキストテキストテキストテキストテキストテキストテキストテキストテキスト',50,'ShogunBeer_Can.jpg',350,6.5,30,0,'2025-02-14 00:00:00','2025-03-14 00:00:00'),
(7,1,'初陣 330ml','uijin-330ml',710,'テキストテキストテキストテキストテキストテキストテキストテキストテキストテキストテキストテキストテキストテキストテキストテキストテキストテキストテキストテキストテキストテキストテキストテキストテキストテキストテキストテキストテキストテキストテキストテキストテキストテキストテキストテキストテキストテキストテキストテキストテキストテキストテキストテキストテキストテキストテキストテキストテキストテキストテキストテキストテキストテキストテキストテキストテキストテキストテキストテキストテキストテキストテキストテキストテキストテキストテキストテキストテキストテキストテキストテキストテキスト',50,'27dd5c37e228245424111d2ca15b009a.jpg',330,6,5,0,'2025-04-24 00:00:00','2025-03-14 00:00:00'),
(8,2,'ブロンシュ ド ブリュッセル','blanche-de-bruxelles',580,'テキストテキストテキストテキストテキストテキストテキストテキストテキストテキストテキストテキストテキストテキストテキストテキストテキストテキストテキストテキストテキストテキストテキストテキストテキストテキストテキストテキストテキストテキストテキストテキストテキストテキストテキストテキストテキストテキストテキストテキストテキストテキストテキストテキストテキストテキストテキストテキストテキストテキストテキストテキストテキストテキストテキストテキストテキストテキストテキストテキストテキストテキストテキストテキストテキストテキストテキストテキストテキストテキストテキストテキストテキスト',50,'BlanchedeBruxelles330ml_64f731c0-6964-45e5-8f02-156298be80a3.jpg',330,4.2,25,0,'2025-01-20 00:00:00','2025-03-14 00:00:00'),
(9,2,'ダーク ホース レゼルバ 750ml','dark-horse-reserva-750ml',4500,'テキストテキストテキストテキストテキストテキストテキストテキストテキストテキストテキストテキストテキストテキストテキストテキストテキストテキストテキストテキストテキストテキストテキストテキストテキストテキストテキストテキストテキストテキストテキストテキストテキストテキストテキストテキストテキストテキストテキストテキストテキストテキストテキストテキストテキストテキストテキストテキストテキストテキストテキストテキストテキストテキストテキストテキストテキストテキストテキストテキストテキストテキストテキストテキストテキストテキストテキストテキストテキストテキストテキストテキストテキスト',50,'STRUISE-Dark-Horse-Reserva-750ml.jpg',750,7,60,0,'2025-02-01 00:00:00','2025-03-14 00:00:00'),
(10,2,'モンクズ スタウト 330ml','monks-stout-330ml',650,'テキストテキストテキストテキストテキストテキストテキストテキストテキストテキストテキストテキストテキストテキストテキストテキストテキストテキストテキストテキストテキストテキストテキストテキストテキストテキストテキストテキストテキストテキストテキストテキストテキストテキストテキストテキストテキストテキストテキストテキストテキストテキストテキストテキストテキストテキストテキストテキストテキストテキストテキストテキストテキストテキストテキストテキストテキストテキストテキストテキストテキストテキストテキストテキストテキストテキストテキストテキストテキストテキストテキストテキストテキスト',50,'DUPONT-Monk_s-Stout-330ml.jpg',330,5.3,80,0,'2025-04-10 00:00:00','2025-03-14 00:00:00'),
(11,2,'デリリウム レッド 缶 500ml','delirium-red-cans-500ml',1200,'テキストテキストテキストテキストテキストテキストテキストテキストテキストテキストテキストテキストテキストテキストテキストテキストテキストテキストテキストテキストテキストテキストテキストテキストテキストテキストテキストテキストテキストテキストテキストテキストテキストテキストテキストテキストテキストテキストテキストテキストテキストテキストテキストテキストテキストテキストテキストテキストテキストテキストテキストテキストテキストテキストテキストテキストテキストテキストテキストテキストテキストテキストテキストテキストテキストテキストテキストテキストテキストテキストテキストテキストテキスト',50,'DeliriumRed500ml.jpg',500,8.5,30,0,'2025-04-14 00:00:00','2025-01-13 00:00:00'),
(12,2,'オード ミュール ティルカン アラシェンヌ','oude-mure-tilquin-a l\ancienne-750ml',2300,'テキストテキストテキストテキストテキストテキストテキストテキストテキストテキストテキストテキストテキストテキストテキストテキストテキストテキストテキストテキストテキストテキストテキストテキストテキストテキストテキストテキストテキストテキストテキストテキストテキストテキストテキストテキストテキストテキストテキストテキストテキストテキストテキストテキストテキストテキストテキストテキストテキストテキストテキストテキストテキストテキストテキストテキストテキストテキストテキストテキストテキストテキストテキストテキストテキストテキストテキストテキストテキストテキストテキストテキストテキスト',50,'OudeMureTilquinal_Ancienne750ml.jpg',375,6.4,0,0,'2025-04-14 00:00:00','2025-01-13 00:00:00'),
(13,1,'ITAMI BEER ゴールド','itami-beer-gold-330ml',550,'テキストテキストテキストテキストテキストテキストテキストテキストテキストテキストテキストテキストテキストテキストテキストテキストテキストテキストテキストテキストテキストテキストテキストテキストテキストテキストテキストテキストテキストテキストテキストテキストテキストテキストテキストテキストテキストテキストテキストテキストテキストテキストテキストテキストテキストテキストテキストテキストテキストテキストテキストテキストテキストテキストテキストテキストテキストテキストテキストテキストテキストテキストテキストテキストテキストテキストテキストテキストテキストテキストテキストテキストテキスト',50,'itamigold2025.jpg',330,5.5,0,0,'2025-04-14 00:00:00','2025-01-13 00:00:00'),
(14,2,'ドリー フォンティネン オード クリーク','drie-fonteinen-oude-kriek-375ml',2000,'テキストテキストテキストテキストテキストテキストテキストテキストテキストテキストテキストテキストテキストテキストテキストテキストテキストテキストテキストテキストテキストテキストテキストテキストテキストテキストテキストテキストテキストテキストテキストテキストテキストテキストテキストテキストテキストテキストテキストテキストテキストテキストテキストテキストテキストテキストテキストテキストテキストテキストテキストテキストテキストテキストテキストテキストテキストテキストテキストテキストテキストテキストテキストテキストテキストテキストテキストテキストテキストテキストテキストテキストテキスト',50,'3FONTEINEN-Oude-Kriek-375ml.jpg',375,5,0,0,'2025-04-14 00:00:00','2025-01-13 00:00:00'),
(15,2,'バルブ・ノワール 330ml','barbe-noire-330ml',700,'テキストテキストテキストテキストテキストテキストテキストテキストテキストテキストテキストテキストテキストテキストテキストテキストテキストテキストテキストテキストテキストテキストテキストテキストテキストテキストテキストテキストテキストテキストテキストテキストテキストテキストテキストテキストテキストテキストテキストテキストテキストテキストテキストテキストテキストテキストテキストテキストテキストテキストテキストテキストテキストテキストテキストテキストテキストテキストテキストテキストテキストテキストテキストテキストテキストテキストテキストテキストテキストテキストテキストテキストテキスト',50,'84004.jpg',330,9,0,0,'2025-04-14 00:00:00','2025-01-13 00:00:00'),
(16,2,'ドリー フォンティネン キュベ アルマン＆ ガストン','drie-fonteinen-cuvee-armand-&-gaston',3750,'テキストテキストテキストテキストテキストテキストテキストテキストテキストテキストテキストテキストテキストテキストテキストテキストテキストテキストテキストテキストテキストテキストテキストテキストテキストテキストテキストテキストテキストテキストテキストテキストテキストテキストテキストテキストテキストテキストテキストテキストテキストテキストテキストテキストテキストテキストテキストテキストテキストテキストテキストテキストテキストテキストテキストテキストテキストテキストテキストテキストテキストテキストテキストテキストテキストテキストテキストテキストテキストテキストテキストテキストテキスト',50,'3FONTEINEN-Cuvee-Armand-_-Gaston-750ml.jpg',750,6,0,0,'2025-04-14 01:00:00','2025-01-13 00:00:00'),
(17,2,'デュベル瓶1.5Lマグナム','duvel-1.5l-magnum',4200,'テキストテキストテキストテキストテキストテキストテキストテキストテキストテキストテキストテキストテキストテキストテキストテキストテキストテキストテキストテキストテキストテキストテキストテキストテキストテキストテキストテキストテキストテキストテキストテキストテキストテキストテキストテキストテキストテキストテキストテキストテキストテキストテキストテキストテキストテキストテキストテキストテキストテキストテキストテキストテキストテキストテキストテキストテキストテキストテキストテキストテキストテキストテキストテキストテキストテキストテキストテキストテキストテキストテキストテキストテキスト',50,'83878.jpg',1500,8.5,0,0,'2025-04-14 01:00:00','2025-01-13 00:00:00'),
(18,2,'バルバ―ル 330ml','barbar',640,'テキストテキストテキストテキストテキストテキストテキストテキストテキストテキストテキストテキストテキストテキストテキストテキストテキストテキストテキストテキストテキストテキストテキストテキストテキストテキストテキストテキストテキストテキストテキストテキストテキストテキストテキストテキストテキストテキストテキストテキストテキストテキストテキストテキストテキストテキストテキストテキストテキストテキストテキストテキストテキストテキストテキストテキストテキストテキストテキストテキストテキストテキストテキストテキストテキストテキストテキストテキストテキストテキストテキストテキストテキスト',50,'Barbar.jpg',330,8,0,0,'2025-04-14 01:00:00','2025-01-13 00:00:00'),
(19,2,'ギロチン 5L','guillotine',8800,'テキストテキストテキストテキストテキストテキストテキストテキストテキストテキストテキストテキストテキストテキストテキストテキストテキストテキストテキストテキストテキストテキストテキストテキストテキストテキストテキストテキストテキストテキストテキストテキストテキストテキストテキストテキストテキストテキストテキストテキストテキストテキストテキストテキストテキストテキストテキストテキストテキストテキストテキストテキストテキストテキストテキストテキストテキストテキストテキストテキストテキストテキストテキストテキストテキストテキストテキストテキストテキストテキストテキストテキストテキスト',50,'149118066_o1.jpg',5000,8.5,0,0,'2025-04-14 02:00:00','2025-01-13 00:00:00'),
(20,2,'ドリー フォンティネン オード グーズ オールドラベル 750ml（ランビック）','drie-fonteinen-oude-gueuze-old-label',3500,'テキストテキストテキストテキストテキストテキストテキストテキストテキストテキストテキストテキストテキストテキストテキストテキストテキストテキストテキストテキストテキストテキストテキストテキストテキストテキストテキストテキストテキストテキストテキストテキストテキストテキストテキストテキストテキストテキストテキストテキストテキストテキストテキストテキストテキストテキストテキストテキストテキストテキストテキストテキストテキストテキストテキストテキストテキストテキストテキストテキストテキストテキストテキストテキストテキストテキストテキストテキストテキストテキストテキストテキストテキスト',50,'DrieFonteinen-Oude-Geuze_L_old.jpg',750,6,0,0,'2025-04-14 01:00:00','2025-01-13 00:00:00'),
(21,3,'イーブン モア ジーザス 650ml','even-more-jesus',2500,'テキストテキストテキストテキストテキストテキストテキストテキストテキストテキストテキストテキストテキストテキストテキストテキストテキストテキストテキストテキストテキストテキストテキストテキストテキストテキストテキストテキストテキストテキストテキストテキストテキストテキストテキストテキストテキストテキストテキストテキストテキストテキストテキストテキストテキストテキストテキストテキストテキストテキストテキストテキストテキストテキストテキストテキストテキストテキストテキストテキストテキストテキストテキストテキストテキストテキストテキストテキストテキストテキストテキストテキストテキスト',50,'EVILTWIN-Even-More-Jesus-354ml.jpg',650,12,0,0,'2025-04-14 01:00:00','2025-04-14 01:00:00'),
(22,1,'サンプル1_日本','sample1_japan',600,'テキストテキストテキストテキストテキストテキストテキストテキストテキストテキストテキストテキストテキストテキストテキストテキストテキストテキストテキストテキストテキストテキストテキストテキストテキストテキストテキストテキストテキストテキストテキストテキストテキストテキストテキストテキストテキストテキストテキストテキストテキストテキストテキストテキストテキストテキストテキストテキストテキストテキストテキストテキストテキストテキストテキストテキストテキストテキストテキストテキストテキストテキストテキストテキストテキストテキストテキストテキストテキストテキストテキストテキストテキスト',0,'sample1.jpg',350,5,100,1,'2025-01-14 00:00:00','2025-01-14 00:00:00'),
(23,1,'サンプル2_日本','sample2_japan',750,'テキストテキストテキストテキストテキストテキストテキストテキストテキストテキストテキストテキストテキストテキストテキストテキストテキストテキストテキストテキストテキストテキストテキストテキストテキストテキストテキストテキストテキストテキストテキストテキストテキストテキストテキストテキストテキストテキストテキストテキストテキストテキストテキストテキストテキストテキストテキストテキストテキストテキストテキストテキストテキストテキストテキストテキストテキストテキストテキストテキストテキストテキストテキストテキストテキストテキストテキストテキストテキストテキストテキストテキストテキスト',50,'sample2.jpg',500,5.5,0,0,'2025-01-14 00:00:00','2025-01-14 00:00:00'),
(24,1,'サンプル3_日本','sample3_japan',1800,'テキストテキストテキストテキストテキストテキストテキストテキストテキストテキストテキストテキストテキストテキストテキストテキストテキストテキストテキストテキストテキストテキストテキストテキストテキストテキストテキストテキストテキストテキストテキストテキストテキストテキストテキストテキストテキストテキストテキストテキストテキストテキストテキストテキストテキストテキストテキストテキストテキストテキストテキストテキストテキストテキストテキストテキストテキストテキストテキストテキストテキストテキストテキストテキストテキストテキストテキストテキストテキストテキストテキストテキストテキスト',50,'sample3.jpg',750,8,0,0,'2025-01-14 00:00:00','2025-01-14 00:00:00'),
(25,2,'サンプル1_ベルギー','sample1_belgium',600,'テキストテキストテキストテキストテキストテキストテキストテキストテキストテキストテキストテキストテキストテキストテキストテキストテキストテキストテキストテキストテキストテキストテキストテキストテキストテキストテキストテキストテキストテキストテキストテキストテキストテキストテキストテキストテキストテキストテキストテキストテキストテキストテキストテキストテキストテキストテキストテキストテキストテキストテキストテキストテキストテキストテキストテキストテキストテキストテキストテキストテキストテキストテキストテキストテキストテキストテキストテキストテキストテキストテキストテキストテキスト',50,'sample1.jpg',350,5,0,0,'2025-01-14 00:00:00','2025-01-14 00:00:00'),
(26,2,'サンプル2_ベルギー','sample2_belgium',750,'テキストテキストテキストテキストテキストテキストテキストテキストテキストテキストテキストテキストテキストテキストテキストテキストテキストテキストテキストテキストテキストテキストテキストテキストテキストテキストテキストテキストテキストテキストテキストテキストテキストテキストテキストテキストテキストテキストテキストテキストテキストテキストテキストテキストテキストテキストテキストテキストテキストテキストテキストテキストテキストテキストテキストテキストテキストテキストテキストテキストテキストテキストテキストテキストテキストテキストテキストテキストテキストテキストテキストテキストテキスト',0,'sample2.jpg',500,5.5,100,1,'2025-01-14 00:00:00','2025-01-14 00:00:00'),
(27,2,'サンプル3_ベルギー','sample3_belgium',1800,'テキストテキストテキストテキストテキストテキストテキストテキストテキストテキストテキストテキストテキストテキストテキストテキストテキストテキストテキストテキストテキストテキストテキストテキストテキストテキストテキストテキストテキストテキストテキストテキストテキストテキストテキストテキストテキストテキストテキストテキストテキストテキストテキストテキストテキストテキストテキストテキストテキストテキストテキストテキストテキストテキストテキストテキストテキストテキストテキストテキストテキストテキストテキストテキストテキストテキストテキストテキストテキストテキストテキストテキストテキスト',50,'sample3.jpg',750,8,0,0,'2025-01-14 00:00:00','2025-01-14 00:00:00'),
(28,3,'サンプル1_アメリカ','sample1_america',600,'テキストテキストテキストテキストテキストテキストテキストテキストテキストテキストテキストテキストテキストテキストテキストテキストテキストテキストテキストテキストテキストテキストテキストテキストテキストテキストテキストテキストテキストテキストテキストテキストテキストテキストテキストテキストテキストテキストテキストテキストテキストテキストテキストテキストテキストテキストテキストテキストテキストテキストテキストテキストテキストテキストテキストテキストテキストテキストテキストテキストテキストテキストテキストテキストテキストテキストテキストテキストテキストテキストテキストテキストテキスト',50,'sample1.jpg',350,5,0,0,'2025-01-14 00:00:00','2025-01-14 00:00:00'),
(29,3,'サンプル2_アメリカ','sample2_america',750,'テキストテキストテキストテキストテキストテキストテキストテキストテキストテキストテキストテキストテキストテキストテキストテキストテキストテキストテキストテキストテキストテキストテキストテキストテキストテキストテキストテキストテキストテキストテキストテキストテキストテキストテキストテキストテキストテキストテキストテキストテキストテキストテキストテキストテキストテキストテキストテキストテキストテキストテキストテキストテキストテキストテキストテキストテキストテキストテキストテキストテキストテキストテキストテキストテキストテキストテキストテキストテキストテキストテキストテキストテキスト',50,'sample2.jpg',500,5.5,0,0,'2025-01-14 00:00:00','2025-01-14 00:00:00'),
(30,3,'サンプル3_アメリカ','sample3_america',1800,'テキストテキストテキストテキストテキストテキストテキストテキストテキストテキストテキストテキストテキストテキストテキストテキストテキストテキストテキストテキストテキストテキストテキストテキストテキストテキストテキストテキストテキストテキストテキストテキストテキストテキストテキストテキストテキストテキストテキストテキストテキストテキストテキストテキストテキストテキストテキストテキストテキストテキストテキストテキストテキストテキストテキストテキストテキストテキストテキストテキストテキストテキストテキストテキストテキストテキストテキストテキストテキストテキストテキストテキストテキスト',0,'sample3.jpg',750,8,100,1,'2025-01-14 00:00:00','2025-01-14 00:00:00'),
(31,4,'サンプル1_ドイツ','sample1_germany',600,'テキストテキストテキストテキストテキストテキストテキストテキストテキストテキストテキストテキストテキストテキストテキストテキストテキストテキストテキストテキストテキストテキストテキストテキストテキストテキストテキストテキストテキストテキストテキストテキストテキストテキストテキストテキストテキストテキストテキストテキストテキストテキストテキストテキストテキストテキストテキストテキストテキストテキストテキストテキストテキストテキストテキストテキストテキストテキストテキストテキストテキストテキストテキストテキストテキストテキストテキストテキストテキストテキストテキストテキストテキスト',0,'sample1.jpg',350,5,100,1,'2025-01-14 00:00:00','2025-01-14 00:00:00'),
(32,4,'サンプル2_ドイツ','sample2_germany',750,'テキストテキストテキストテキストテキストテキストテキストテキストテキストテキストテキストテキストテキストテキストテキストテキストテキストテキストテキストテキストテキストテキストテキストテキストテキストテキストテキストテキストテキストテキストテキストテキストテキストテキストテキストテキストテキストテキストテキストテキストテキストテキストテキストテキストテキストテキストテキストテキストテキストテキストテキストテキストテキストテキストテキストテキストテキストテキストテキストテキストテキストテキストテキストテキストテキストテキストテキストテキストテキストテキストテキストテキストテキスト',50,'sample2.jpg',500,5.5,0,0,'2025-01-14 00:00:00','2025-01-14 00:00:00'),
(33,4,'サンプル3_ドイツ','sample3_germany',1800,'テキストテキストテキストテキストテキストテキストテキストテキストテキストテキストテキストテキストテキストテキストテキストテキストテキストテキストテキストテキストテキストテキストテキストテキストテキストテキストテキストテキストテキストテキストテキストテキストテキストテキストテキストテキストテキストテキストテキストテキストテキストテキストテキストテキストテキストテキストテキストテキストテキストテキストテキストテキストテキストテキストテキストテキストテキストテキストテキストテキストテキストテキストテキストテキストテキストテキストテキストテキストテキストテキストテキストテキストテキスト',50,'sample3.jpg',750,8,0,0,'2025-01-14 00:00:00','2025-01-14 00:00:00');

INSERT INTO `countries` (`id`,`name`,`iso_code`,`is_active`) VALUES 
(1,'日本','JP',1),
(2,'ベルギー','BE',1),
(3,'アメリカ','US',1),
(4,'ドイツ','DE',1);

INSERT INTO `users` (`id`,`email`,`password`,`last_name`,`first_name`,`last_name_kana`,`first_name_kana`,`post_code`,`prefecture`,`city`,`street`,`building`,`phone_number`,`birthday`,`is_deleted`,`role`,`created_at`,`updated_at`,`last_login_at`) VALUES 
(9,'test@gmail.com','$2a$10$0aooXgD4MfFkjDbmec67n.QuPsuj69h7I.vNxF3cvRRzrsn2DV4U6','ビール','太郎','びーる','たろう','1100001','東京都','台東区谷中','1-1-1','','000-0000-0001','1995-01-01',0,'user','2025-06-07 17:15:14','2025-06-07 17:15:14',NULL),
(10,'test01@gmail.com','$2a$10$AG80QqUsJtpWyRJVNHwpoePflYWq7fLLPm3zOT7rWxMJLFCnrCIMS','ビール','次郎','','','1100001','東京都','台東区谷中','1-1-2','','00000000002','1995-01-02',0,'user','2025-06-07 17:30:44','2025-06-07 17:30:44',NULL),
(11,'test03@gmail.com','$2a$10$JHgGz50Hcj0gpV5PLV9X5ebFiECssIv77YDiT79nHRx6C97nnARom','ビール','三郎','','','1100001','東京都','台東区谷中','1-1-3','','000-0000-0003',NULL,0,'user','2025-06-07 17:52:58','2025-06-07 17:52:58',NULL),
(13,'test04@gmail.com','$2a$10$9cTeFt8P9R3ffFbZePnmBOcMTFAHtA4rRfMmeGA2ogLLUK98/3yEe','ビール','太郎','','','1100001','東京都','台東区谷中','1-1-1','','000-0000-0003',NULL,0,'user','2025-06-13 15:33:41','2025-06-13 15:33:41',NULL);

INSERT INTO `carts` (`id`,`user_id`,`created_at`,`updated_at`) VALUES 
(3,13,'2025-06-15 22:43:04','2025-06-15 22:43:04');

INSERT INTO `cart_items` (`id`,`cart_id`,`item_id`,`quantity`,`created_at`,`updated_at`) VALUES 
(5,3,7,1,'2025-06-16 16:17:34','2025-06-16 16:17:34');

INSERT INTO `orders` (`id`,`user_id`,`last_name`,`first_name`,`email`,`post_code`,`prefecture`,`city`,`street`,`building`,`phone_number`,`payment_method`,`total_price`,`shipping_fee`,`payment_total`,`created_at`,`updated_at`) VALUES 
(1,13,'ビール','太郎','test04@gmail.com','1100001','東京都','台東区谷中','1-1-1','','000-0000-0003','CREDIT',781,1000,1781,'2025-06-15 15:02:29','2025-06-15 15:02:29'),
(2,13,'ビール','太郎','test04@gmail.com','1100001','東京都','台東区谷中','1-1-1','','000-0000-0003','CREDIT',9680,0,9680,'2025-06-15 15:03:29','2025-06-15 15:03:29'),
(3,13,'ビール','太郎','test04@gmail.com','1100002','東京都','台東区上野桜木','2-2-2','','000-0000-0003','BANK',2090,500,2590,'2025-06-15 15:07:26','2025-06-15 15:07:26');

INSERT INTO `order_items` (`id`,`order_id`,`item_id`,`quantity`,`price`,`created_at`,`updated_at`) VALUES 
(1,1,7,1,781,NULL,NULL),
(2,2,19,1,9680,NULL,NULL),
(3,3,7,1,781,'2025-06-15 15:07:26','2025-06-15 15:07:26'),
(4,3,18,1,704,'2025-06-15 15:07:26','2025-06-15 15:07:26'),
(5,3,13,1,605,'2025-06-15 15:07:26','2025-06-15 15:07:26');


